sample_idx,elapsed_s,moisture_raw,moisture_pct,soil_temp_c,air_temp_c,humidity_pct
0,0,6213,70.25,31,32.8,70.1
1,300,6316,68.83,30.94,32.7,69.5
2,600,6376,68,30.94,32.6,69.1
3,900,6513,66.1,30.94,32.6,68.8
4,1200,6599,64.91,30.94,32.6,68.3
5,1500,6659,64.08,30.81,32.6,68.1
6,1800,6878,61.05,30.75,32.6,67.5
7,2100,7002,59.33,30.69,32.6,67.4
8,2400,7145,57.35,30.75,32.5,67.1
9,2700,7263,55.72,30.75,32.6,66.2
10,3000,7342,54.62,30.56,32.6,65.8
11,3300,7412,53.65,30.56,32.5,65.5
12,3600,7470,52.85,30.56,32.5,65.1
13,3900,7456,53.05,30.5,32.5,64.8
14,4200,7468,52.88,30.5,32.5,64.9
15,4500,7405,53.75,30.5,32.5,64.7
16,4800,7423,53.5,30.5,32.4,64.5
17,5100,7416,53.6,30.44,32.4,64.3
18,5400,7434,53.35,30.37,32.4,65
19,5700,7416,53.6,30.37,32.4,64.7
20,6000,7440,53.27,30.44,32.4,64.7
21,6300,7453,53.09,30.37,32.5,65.1
22,6600,7415,53.61,30.44,32.4,65.1
23,6900,7434,53.35,30.37,32.4,65.7
24,7200,7460,52.99,30.44,32.4,65.9
25,7500,7432,53.38,30.44,32.4,66.5
26,7800,7441,53.25,30.37,32.4,66.9
27,8100,7421,53.53,30.37,32.4,67.5
28,8400,7408,53.71,30.44,32.4,68
29,8700,7421,53.53,30.5,32.5,68
30,9000,7380,54.1,30.56,32.5,68.7
31,9300,7403,53.78,30.56,32.5,69
32,9600,7398,53.85,30.56,32.5,69.1
33,9900,7397,53.86,30.62,32.5,69.8
34,10200,7351,54.5,30.62,32.5,69.9
35,10500,7349,54.53,30.6,32.5,70.2
36,10800,7339,54.67,30.68,32.5,69.6
37,11100,7309,55.08,30.75,32.5,68.6
38,11400,7342,54.62,30.78,32.4,67.8
39,11700,7370,54.24,30.71,32.3,66.5
40,12000,7340,54.65,30.63,32.4,65.3
41,12300,7306,55.12,30.58,32.3,65.7
42,12600,7322,54.9,30.5,32.3,65.2
43,12900,7326,54.84,30.52,32.3,64.2
44,13200,7342,54.62,30.4,32.3,62.6
45,13500,7328,54.82,30.46,32.2,61.7
46,13800,7283,55.44,30.48,32.2,61.2
47,14100,7278,55.51,30.45,32.1,61.3
48,14400,7250,55.9,30.45,32.1,61
49,14700,7259,55.77,30.49,32,60.3
50,15000,7255,55.83,30.47,32,60.1
51,15300,7225,56.24,30.44,32.1,62.7
52,15600,7250,55.9,30.44,32.2,61.4
53,15900,7214,56.4,30.44,32.2,60.6
54,16200,7244,55.98,30.44,32.2,60.6
55,16500,7231,56.16,30.44,32.2,59.7
56,16800,7260,55.76,30.44,32.2,60.6
57,17100,7164,57.09,-127,32.4,62.2
58,17400,7148,57.31,30.31,32.5,62.6
59,17700,7208,56.48,30.37,32.4,60
60,18000,7235,56.1,30.44,32.3,55.9
61,18300,7264,55.7,30.37,32.2,54.5
62,18600,7267,55.66,30.31,32.2,54
63,18900,7248,55.92,30.31,32.1,53.3
64,19200,7191,56.71,30.19,32.1,53.9
65,19500,7138,57.45,30.19,32.1,54.4
66,19800,7136,57.48,30.19,32,55
67,20100,7082,58.22,30.19,32,52.3
68,20400,7101,57.96,30.19,32,54.4
69,20700,7067,58.43,30.12,32,52.3
70,21000,7051,58.65,30.06,32,52.1
71,21300,7042,58.78,29.94,31.9,52
72,21600,7047,58.71,29.94,31.9,51.8
73,21900,6979,59.65,29.87,31.9,51.7
74,22200,6982,59.61,29.81,31.9,51.7
75,22500,6973,59.73,29.81,31.8,51.6
76,22800,6950,60.05,29.69,31.8,51.5
77,23100,6938,60.22,29.75,31.8,51.3
78,23400,6943,60.15,29.69,31.8,51.4
79,23700,6963,59.87,29.69,31.8,51
80,24000,6948,60.08,29.69,31.7,50.9
81,24300,6940,60.19,29.62,31.7,51.1
82,24600,6948,60.08,29.56,31.7,51.1
83,24900,6936,60.24,29.56,31.7,51.5
84,25200,6932,60.3,29.62,31.7,52.9
85,25500,6944,60.13,29.62,31.7,54.8
86,25800,6952,60.02,29.62,31.7,57.3
87,26100,6938,60.22,29.75,31.7,58.7
88,26400,6977,59.68,29.81,31.8,59.3
89,26700,6962,59.88,29.81,31.8,60.1
90,27000,6959,59.93,29.87,31.8,61.2
91,27300,6969,59.79,29.94,31.8,61.9
92,27600,6949,60.06,29.94,31.8,62.8
93,27900,6947,60.09,30.06,31.8,63.2
94,28200,6939,60.2,30.06,31.9,63.2
95,28500,6899,60.76,30.19,31.9,63.7
96,28800,6852,61.41,30.12,31.9,64.1
97,29100,6843,61.53,30.12,31.9,64.8
98,29400,6845,61.5,30.25,31.9,64.9
99,29700,6855,61.36,30.25,31.9,64.9
100,30000,6820,61.85,30.19,31.9,65.1
101,30300,6827,61.75,30.25,31.9,65.2
102,30600,6808,62.02,30.25,31.9,65.7
103,30900,6828,61.74,30.31,31.9,65.6
104,31200,6808,62.02,30.31,31.9,65.8
105,31500,6801,62.11,30.25,31.9,66.4
106,31800,6787,62.31,30.25,31.9,66.3
107,32100,6789,62.28,30.31,31.9,66.5
108,32400,6807,62.03,30.31,31.9,66.5
109,32700,6788,62.29,30.37,31.9,66.6
110,33000,6790,62.26,30.37,31.9,66.8
111,33300,6780,62.4,30.31,31.9,66.7
112,33600,6782,62.38,30.37,31.9,66.8
113,33900,6771,62.53,30.37,31.9,66.6
114,34200,6744,62.9,30.37,31.9,67.2
115,34500,6713,63.33,30.37,31.9,66.8
116,34800,6714,63.32,30.37,31.9,67.3
117,35100,6713,63.33,30.31,31.9,67.3
118,35400,6699,63.52,30.31,31.9,67.1
119,35700,6714,63.32,30.31,31.9,67.3
120,36000,6720,63.23,30.37,31.9,67.1
121,36300,6697,63.55,30.31,31.9,67.4
122,36600,6723,63.19,30.31,31.9,67.2
123,36900,6719,63.25,30.37,31.8,67.5
124,37200,6717,63.28,30.25,31.8,67.3
125,37500,6694,63.59,30.31,31.8,67.3
126,37800,6686,63.7,30.25,31.8,67.5
127,38100,6650,64.2,30.31,31.8,67.7
128,38400,6648,64.23,30.31,31.8,67.3
129,38700,6641,64.33,30.31,31.8,67.5
130,39000,6641,64.33,30.25,31.8,67.3
131,39300,6630,64.48,30.25,31.7,67.3
132,39600,6644,64.29,30.25,31.7,67.4
133,39900,6639,64.35,30.25,31.7,67.3
134,40200,6628,64.51,30.25,31.7,67.5
135,40500,6638,64.37,30.19,31.7,67.6
136,40800,6663,64.02,30.12,31.7,67.4
137,41100,6650,64.2,30.19,31.7,67.1
138,41400,6646,64.26,30.19,31.6,67.2
139,41700,6625,64.55,30.19,31.6,67.3
140,42000,6637,64.38,30.19,31.6,67.2
141,42300,6653,64.16,30.19,31.6,67.2
142,42600,6635,64.41,30.19,31.6,67.4
143,42900,6615,64.69,30.12,31.6,67.5
144,43200,6643,64.3,30.12,31.6,67.5
145,43500,6637,64.38,30.06,31.6,67.3
146,43800,6644,64.29,30.06,31.6,67.2
147,44100,6650,64.2,30.06,31.5,67
148,44400,6654,64.15,30.06,31.5,67.1
149,44700,6665,64,30,31.5,67.2
150,45000,6674,63.87,30,31.5,66.7
151,45300,6669,63.94,29.94,31.5,67.1
152,45600,6656,64.12,30,31.5,67.3
153,45900,6681,63.77,29.94,31.4,67.3
154,46200,6678,63.82,29.94,31.5,67.5
155,46500,6711,63.36,29.94,31.4,67
156,46800,6706,63.43,29.87,31.4,67.4
157,47100,6737,63,29.81,31.4,67.1
158,47400,6731,63.08,29.87,31.3,67.1
159,47700,6756,62.74,29.81,31.3,67.2
160,48000,6717,63.28,29.87,31.3,67.3
161,48300,6712,63.34,29.87,31.3,66.5
162,48600,6712,63.34,29.81,31.3,65.4
163,48900,6719,63.25,29.81,31.3,66.7
164,49200,6694,63.59,29.75,31.2,66.8
165,49500,6711,63.36,29.75,31.3,67.4
166,49800,6725,63.16,29.69,31.2,67.7
167,50100,6731,63.08,29.69,31.2,67.8
168,50400,6733,63.05,29.69,31.2,68
169,50700,6714,63.32,29.69,31.2,68
170,51000,6754,62.76,29.62,31.2,68.2
171,51300,6755,62.75,29.69,31.2,68.1
172,51600,6779,62.42,29.62,31.2,68.4
173,51900,6749,62.83,29.69,31.2,68.5
174,52200,6743,62.92,29.69,31.2,68.8
175,52500,6771,62.53,29.69,31.2,69.1
176,52800,6752,62.79,29.69,31.1,69
177,53100,6747,62.86,29.69,31.2,69.2
178,53400,6745,62.89,29.69,31.1,69.3
179,53700,6746,62.87,29.69,31.1,69.6
180,54000,6752,62.79,29.62,31.1,69.7
181,54300,6779,62.42,29.69,31.1,69.6
182,54600,6783,62.36,29.62,31.1,69.7
183,54900,6808,62.02,29.62,31.1,69.8
184,55200,6805,62.06,29.69,31.1,70
185,55500,6793,62.22,29.62,31.1,70.2
186,55800,6791,62.25,29.62,31.1,70.7
187,56100,6729,63.11,29.69,31.1,70.4
188,56400,6770,62.54,29.75,31.1,70.4
189,56700,6764,62.62,29.69,31.1,70.7
190,57000,6773,62.5,29.69,31.1,70.6
191,57300,6763,62.64,29.69,31.1,70.8
192,57600,6787,62.31,29.69,31.1,70
193,57900,6774,62.49,29.62,31.1,70.7
194,58200,6784,62.35,29.62,31.1,70.7
195,58500,6806,62.04,29.62,31.1,70.5
196,58800,6769,62.56,29.69,31.1,70.3
197,59100,6753,62.78,29.69,31.1,70.4
198,59400,6746,62.87,29.69,31.1,70.1
199,59700,6733,63.05,29.62,31.2,70.5
200,60000,6733,63.05,29.62,31.1,70.4
201,60300,6732,63.07,29.62,31.1,69.8
202,60600,6722,63.21,29.62,31.1,70
203,60900,6710,63.37,29.62,31.1,69.9
204,61200,6713,63.33,29.69,31.1,69.8
205,61500,6726,63.15,29.62,31.2,70
206,61800,6721,63.22,29.69,31.2,69.7
207,62100,6728,63.12,29.62,31.2,70.1
208,62400,6732,63.07,29.69,31.2,70
209,62700,6742,62.93,29.69,31.2,70.1
210,63000,6734,63.04,29.69,31.2,70
211,63300,6733,63.05,29.69,31.2,70
212,63600,6746,62.87,29.69,31.2,70.1
213,63900,6739,62.97,29.69,31.2,69.8
214,64200,6760,62.68,29.75,31.3,69.9
215,64500,6766,62.6,29.69,31.3,70.2
216,64800,6780,62.4,29.75,31.3,70.1
217,65100,6801,62.11,29.81,31.3,70.2
218,65400,6793,62.22,29.75,31.3,70.2
219,65700,6769,62.56,29.81,31.3,70.4
220,66000,6758,62.71,29.87,31.3,70.4
221,66300,6743,62.92,29.87,31.4,70.2
222,66600,6762,62.65,29.94,31.4,70.5
223,66900,6768,62.57,29.94,31.4,71
224,67200,6759,62.69,29.94,31.4,70.6
225,67500,6745,62.89,29.94,31.4,70.9
226,67800,6777,62.44,29.87,31.4,70.8
227,68100,6761,62.67,30,31.5,70.9
228,68400,6762,62.65,30,31.5,69.7
229,68700,6793,62.22,30,31.5,68.7
230,69000,6821,61.84,30,31.5,66.9
231,69300,6777,62.44,30,31.5,66.5
232,69600,6728,63.12,29.94,31.4,64.8
233,69900,6754,62.76,29.94,31.5,63.6
234,70200,6758,62.71,29.94,31.5,63.2
235,70500,6767,62.58,29.94,31.5,63.1
236,70800,6760,62.68,29.94,31.5,62.5
237,71100,6811,61.97,29.87,31.5,62
238,71400,6847,61.48,29.87,31.5,61.4
239,71700,6798,62.15,29.87,31.5,60.9
240,72000,6808,62.02,29.81,31.5,60.6
241,72300,6872,61.13,29.75,31.5,60.4
242,72600,6795,62.2,29.75,31.6,60.3
243,72900,6844,61.52,29.81,31.6,61.5
244,73200,6826,61.77,29.81,31.6,61.1
245,73500,6800,62.13,29.87,31.6,61.5
246,73800,6801,62.11,29.81,31.6,61.2
247,74100,6806,62.04,29.87,31.6,60.8
248,74400,6804,62.07,29.94,31.7,60.2
249,74700,6768,62.57,29.87,31.7,60.6
250,75000,6803,62.08,30,31.7,60.5
251,75300,6782,62.38,30,31.8,60.4
252,75600,6790,62.26,30,31.8,60.4
253,75900,6764,62.62,30,31.8,60.1
254,76200,6700,63.51,30,31.9,60.2
255,76500,6693,63.61,30.06,31.9,59.8
256,76800,6699,63.52,30.06,32,60.5
257,77100,6690,63.65,30.12,32,59.7
258,77400,6673,63.88,30.19,32,59.8
259,77700,6652,64.17,30.25,32,60.3
260,78000,6638,64.37,30.25,32,60.4
261,78300,6637,64.38,30.25,32.1,60.9
262,78600,6634,64.42,30.31,32.2,61.7
263,78900,6632,64.45,30.37,32.2,62.8
264,79200,6620,64.62,30.37,32.2,63
265,79500,6606,64.81,30.44,32.3,63.3
266,79800,6627,64.52,30.5,32.3,63.6
267,80100,6643,64.3,30.56,32.4,64
268,80400,6644,64.29,30.62,32.4,64.5
269,80700,6613,64.71,30.62,32.4,64.5
270,81000,6647,64.24,30.69,32.5,64.5
271,81300,6629,64.49,30.75,32.5,65.2
272,81600,6607,64.8,30.81,32.6,65.5
273,81900,6631,64.47,30.94,32.7,65.7
274,82200,6669,63.94,30.94,32.7,66.5
275,82500,6684,63.73,31,32.7,66.4
276,82800,6683,63.75,31,32.8,66.7
277,83100,6657,64.11,31.06,32.8,67
278,83400,6613,64.71,31.12,32.9,66.9
279,83700,6623,64.58,31.19,32.9,67.3
280,84000,6619,64.63,31.31,32.9,67.2
281,84300,6487,66.46,31.31,33,67.4
282,84600,6574,65.25,31.31,33.1,66.9
283,84900,6597,64.94,31.25,33.1,66.8
284,85200,6603,64.85,31.25,33.1,66.5
285,85500,6609,64.77,31.25,33.2,66.6
286,85800,6611,64.74,31.25,33.2,66.8
287,86100,6610,64.76,31.25,33.1,66.8
288,86400,6608,64.78,31.25,33.2,66.8
289,86700,6612,64.73,31.31,33.1,66.6
290,87000,6610,64.76,31.31,33.1,66.8
291,87300,6615,64.69,31.25,33.2,66.7
292,87600,6615,64.69,31.25,33.2,66.6
293,87900,6618,64.65,31.31,33.2,66.5
294,88200,6618,64.65,31.25,33.2,66.5